Business Name,Head Office,Postal Code,Phone,Services Offered,Service Areas,Windows,Insulation,Hot Water Tanks,DWHR,HVAC
Window Masters 2013 Inc.,Sylvan Lake,T4S 2J3,(403) 309-7327,Windows,"T0*, T4*",yes,no,no,no,no
DW Services,Calgary,T2E 2A2,(403) 880-3476,Windows,T2E,yes,no,no,no,no
Cossins Windows Ltd,Calgary,T2E 7B1,(403) 291-3960,Windows,T*,yes,no,no,no,no
Whitehouse Exteriors,Edmonton,T5A 4R8,(780) 916-5201,Windows,T*,yes,no,no,no,no
Bridge City Doors Ltd,Lethbridge,T1H 2M7,(403) 327-8487,Windows,"T0K, T0L, T1G, T1H, T1K, T1M, T1J",yes,no,no,no,no
1350165 ALBERTA LTD,Calgary,T2K 3Z3,(403) 973-0599,Insulation Windows,T2K,yes,yes,no,no,no
Biddiscombe Glass Bros Inc,Westlock,T7P 1H7,(780) 307-3057,Windows,T7P,yes,no,no,no,no
Lincoln Building Products LTD,Calgary,T2E 7E1,(403) 275-4871,Insulation Windows,T*,yes,yes,no,no,no
McCrea Construction,Calgary,T2W 1P8,(403) 617-9236,Insulation Windows,T2W,yes,yes,no,no,no
Fire Ant Contracting Ltd,Calgary,T3L 2V0,(403) 991-0849,Hot Water Tanks Insulation Windows,T*,yes,yes,yes,no,no
Glass Doctor of Edmonton,Edmonton,T6E 3E4,(780) 436-0666,Windows,"T4X, T5*, T6*, T7X, T7Z, T8*, T9E",yes,no,no,no,no
Canadian Home Renovations LTD,Edmonton,T5A 0M5,(780) 462-5975,Insulation Windows,"T4*, T5*, T6*, T7*, T8*, T9*",yes,yes,no,no,no
KDM Construction Ltd,Red Deer,T4P 2B3,(403) 341-6683,Insulation Windows,T*,yes,yes,no,no,no
Hometech Calgary Windows And Doors Inc.,Calgary,T2H 1G3,(403) 281-1002,Windows,"T*, T1*, T1A, T1C, T1H, T1K, T1S, T1X, T1Y, T1J, T2*, T2A, T2B, T2J, T2K, T2L, T2M, T2R, T2S, T2T, T2V, T2W, T2X, T2Z, T3*, T3A, T3B, T3C, T3E, T3G, T3J, T3K, T3L, T3M, T3N, T3Z, T4*, T4A, T4B, T4E, T4N, T4P, T4R, T1B, T2C, T2E, T2G, T2H, T2N, T2P, T2Y, T3H",yes,no,no,no,no
Weather Pro Windows and Doors Inc,Calgary,T2P 3N4,(403) 607-6163,Windows,T*X,yes,no,no,no,no
A M Construction Ltd,Calgary,T1Y 5T5,(403) 703-7525,Hot Water Tanks Insulation Windows DWHR,T*,yes,yes,yes,yes,no
Louis Exteriors & Eavestroughing,Lethbridge,T1H 6P8,(403) 320-2726,Insulation Windows,T1*,yes,yes,no,no,no
Summerhill Group,Calgary,T4T 0A4,(844) 357-5604,Hot Water Tanks Insulation Windows DWHR HVAC,"T0*, T3*",yes,yes,yes,yes,yes
Precision Contracting Inc.,Edmonton,T5L 0X6,(780) 488-2990,Windows,T*,yes,no,no,no,no
Hillson Homes,Calgary,T3B 5M5,(403) 333-5511,Hot Water Tanks Insulation Windows,"T0*, T1*, T2*, T3*, T4*",yes,yes,yes,no,no
Distinguished Roofing LTD,Calgary,T2M 3Y7,(403) 991-7792,Insulation Windows,T*,yes,yes,no,no,no
JSK Group Canada Inc,Calgary,T2E 6M2,(403) 516-0926,Hot Water Tanks Insulation Windows,"T1*, T2*, T3*, T4*",yes,yes,yes,no,no
Trend Home Improvements,Grande Prairie,T8V 5L8,(780) 538-4888,Insulation Windows,"T8S, T8X, T0H, T8V, T8W",yes,yes,no,no,no
Rhino Exteriors,Calgary,T2X 2Z2,(403) 466-3642,Insulation Windows,"T0*, T1*, T2*",yes,yes,no,no,no
Magnum Windows and Glass Inc.,Calgary,T2M 3Y7,(403) 397-2346,Insulation Windows,"T*, T1P, T1W, T1X, T1Z, T3L, T3Z, T4C, T3H",yes,yes,no,no,no
Lux Windows & Glass Ltd.,Calgary,T3G 4T8,(403) 276-7770,Windows,T*,yes,no,no,no,no
Mad Capper Ltd.,Spruce Grove,T7X 3V7,(780) 908-2374,Windows,T7*,yes,no,no,no,no
True Exteriors Ltd.,Calgary,T2G 5N6,(403) 262-7733,Insulation Windows,T*,yes,yes,no,no,no
RC Construction,Taber,T1G 1S7,(403) 320-8082,Windows,T1*,yes,no,no,no,no
Modern Huts Inc.,Calgary,T3B 0W4,(403) 862-3970,Hot Water Tanks Insulation Windows,T3B,yes,yes,yes,no,no
LivingScape Homes,Calgary,T3E 6B3,(403) 828-7500,Hot Water Tanks Windows,"T*, T2*, T3*",yes,no,yes,no,no
Sherwood Windows & Doors,Sherwood Park,T8A 3L2,(780) 224-1098,Windows,T8*,yes,no,no,no,no
Kelbert Construction Inc,Calgary,T1Y 1V8,(403) 293-7195,Insulation Windows,T*,yes,yes,no,no,no
daryl's service glass ltd,Cochrane,T4C 2C3,(403) 932-9210,Windows,T4C,yes,no,no,no,no
Integrity Construction Solutions,Sherwood Park,T8C 1E1,(780) 809-1190,Hot Water Tanks Insulation Windows,"T5*, T6*, T8*",yes,yes,yes,no,no
Denning Enterprise Ltd.,Calgary,T2Z 0G4,(403) 404-0025,Hot Water Tanks Insulation Windows,"T1*, T2*, T4*",yes,yes,yes,no,no
Alair Homes Edmonton,Edmonton,T5S 2G8,(587) 340-2244,Hot Water Tanks Insulation Windows DWHR,T*,yes,yes,yes,yes,no
Kuzminski Contracting,Jasper,T0E 1E0,(780) 852-8151,Insulation Windows,T*,yes,yes,no,no,no
Chinook Glass & Screen Ltd.,Calgary,T2M 0H9,(403) 277-2456,Windows,T*,yes,no,no,no,no
LBH Building Supplies,St Albert,T8N 1N3,(780) 458-2555,Windows,"T5*, T7*, T8*",yes,no,no,no,no
Green Sky,Calgary,T3H 3H8,(587) 896-6620,Hot Water Tanks Insulation Windows,"T0J, T0L, T1P, T1S, T1W, T1X, T1Y, T2T, T2W, T3L, T3Z, T4B, T4C, T2C, T2H, T3H",yes,yes,yes,no,no
BW Windows and Doors ( a division of Building Works Ltd.),Calgary,T2A 4V4,(403) 235-5400,Insulation Windows,"T0J, T0L, T0M, T1S, T1V, T1W, T1X, T1Y, T2A, T2B, T2J, T2K, T2L, T2M, T2R, T2S, T2T, T2V, T2W, T2X, T2Z, T3A, T3B, T3C, T3E, T3G, T3J, T3K, T3L, T3M, T3N, T3P, T3R, T3S, T3Z, T4A, T4B, T4C, T4H, T2C, T2E, T2G, T2H, T2N, T2P, T2Y, T3H",yes,yes,no,no,no
Garage Door Depot,Spruce Grove,T7X 3A3,(780) 960-5232,Windows,"T0*, T4*, T5*, T6*, T7*, T8*",yes,no,no,no,no
KEITH PARASYNCHUK CONSTRUCTION,Medicine Hat,T1C 1M7,(403) 952-0146,Insulation Windows,T1*,yes,yes,no,no,no
James Allan Construction Inc.,Edmonton,T5M 1X8,(780) 453-0009,Insulation Windows,T5*,yes,yes,no,no,no
All West Glass Whitecourt Ltd,Whitecourt,T7S 1P2,(780) 778-5809,Windows,"T0E, T7S, T0H",yes,no,no,no,no
Peter's Exteriors Inc,Calgary,T3K 2G5,(403) 510-3189,Insulation Windows,T*,yes,yes,no,no,no
weatherlast windows and doors ltd,Edmonton,T5T 2Z4,(587) 521-6712,Windows,T*,yes,no,no,no,no
Magnum Home Improvements Inc,Calgary,T2J 5X3,(403) 714-5537,Insulation Windows,T*,yes,yes,no,no,no
RAM Exteriors Inc.,Medicine Hat,T1A 3L7,(403) 548-6965,Windows,"S0N, T0*, T1*",yes,no,no,no,no
Cripple Creek Enterprises Ltd.,Calgary,T2Z 4C1,(403) 771-1555,Windows,T*,yes,no,no,no,no
Progress Glass Co Ltd,Spruce Grove,T7X 3A6,(780) 962-5353,Windows,T*,yes,no,no,no,no
Window Mart,Edmonton,T5S 2Y3,(855) 993-0303,Windows,T*,yes,no,no,no,no
Derbyshire Construction,Sherwood Park,T8A 3Z4,(780) 233-1912,Windows,T8A,yes,no,no,no,no
April Glass & Mirror,Edmonton,T5E 5E8,(780) 452-2124,Windows,"T5*, T6*",yes,no,no,no,no
Alta Tec Windows & Auto Glass,Leduc,T9E 7B2,(780) 986-5012,Insulation Windows,"T9*, T9E",yes,yes,no,no,no
Veldhuisen Construction Ltd.,County Of Barrhead,T0G 1R2,(780) 674-4819,Hot Water Tanks Insulation Windows DWHR HVAC,"T0*, T0E, T0G, T7P",yes,yes,yes,yes,yes
Hardline Heating & Plumbing,Grande Prairie,T8V 1J8,(780) 228-4054,Hot Water Tanks Insulation Windows,"T0H, T8V",yes,yes,yes,no,no
RCI Alberta,Lacombe,T4L 2J8,(403) 782-3620,Insulation Windows,T4*,yes,yes,no,no,no
Purewindowsalberta.com,Stony Plain,T7Z 1X8,(780) 446-0882,Windows,T*,yes,no,no,no,no
BARCOL DOORS AND WINDOWS,Edmonton,T5L 3C5,(780) 452-7140,Windows,T*,yes,no,no,no,no
Morissette Homes Ltd.,Grande Prairie,T8W 2R8,(780) 539-6107,Hot Water Tanks Insulation Windows,T8*,yes,yes,yes,no,no
Sure Glass Ltd,Pincher Creek,T0K 1W0,(403) 627-4737,Windows,T0K,yes,no,no,no,no
Diamond Contracting,Edmonton,T6N 1B2,(780) 433-3166,Hot Water Tanks Insulation Windows,T*,yes,yes,yes,no,no
Classic Exteriors,Edmonton,T6E 5N5,(780) 464-2700,Insulation Windows,T*,yes,yes,no,no,no
Kierra Holdings Ltd,Lethbridge,T1K 1C8,(403) 331-7469,Windows,T1K,yes,no,no,no,no
Home Renewals,Red Deer,T4N 2R4,(403) 346-6165,Windows,"T0M, T4*",yes,no,no,no,no
Marchand Construction,Parkland County,T7Y 2N4,(780) 964-0783,Hot Water Tanks Insulation Windows,T7*,yes,yes,yes,no,no
Imara Insulation,Fort Mcmurray,T9H 3J1,(780) 531-0291,Insulation Windows,T9*,yes,yes,no,no,no
EastCaan Contracting Ltd,Calgary,T2J 1B3,(403) 700-5073,Windows,T2J,yes,no,no,no,no
J & G GLASS,Falher,T0H 1M0,(780) 837-2612,Windows,T0H,yes,no,no,no,no
Doxy-Systems LTD,Airdrie,T4A 2C4,(403) 604-9764,Windows,T*,yes,no,no,no,no
AtwoZ Windows & Doors,Calgary,T2C-5E9,(403) 257-3667,Windows,"T2*, T3*",yes,no,no,no,no
Overhead Door Company of Lethbridge/Pella Windows and Doors,Lethbridge,T1H 5K9,(403) 328-0922,Windows,"T0K, T0L, T1G, T1H, T1K, T1M, T1R, T1J",yes,no,no,no,no
Ardent Contracting,Red Deer,T4N 2R1,(587) 370-3767,Insulation Windows,T4*,yes,yes,no,no,no
installations by allen ltd,Edmonton,T6L 4Z9,(780) 905-1796,Insulation Windows,"T*, T0*",yes,yes,no,no,no
Afterglow Exteriors Inc,Calgary,T3G 5Z7,(403) 990-1687,Windows,"T1S, T1V, T1X, T1Y, T1Z, T2A, T2B, T2J, T2K, T2L, T2M, T2R, T2S, T2T, T2V, T2W, T2X, T2Z, T3A, T3B, T3C, T3E, T3G, T3J, T3K, T3L, T3M, T3P, T3R, T3Z, T4A, T4B, T4C, T2C, T2E, T2G, T2H, T2N, T2P, T2Y, T3H",yes,no,no,no,no
Venture Holdings,Taber,T1G 2E1,(403) 223-9411,Hot Water Tanks Insulation Windows,"T0K, T1A, T1G, T1H, T1K, T1M, T1B",yes,yes,yes,no,no
Alta Aluminum,Lethbridge,T1H 2G2,(403) 328-6777,Windows,T1*,yes,no,no,no,no
Tom's EA Prod Test,Calgary,T1B 2C3,(416) 875-7474,Windows,T4*,yes,no,no,no,no
Bighorn Custom Homes & Renovations Ltd,Lethbridge,T1H 5Y4,(403) 795-9922,Insulation Windows,T*,yes,yes,no,no,no
Exteriors by Leroy & Darcy Ltd.,Lethbridge,T1H 0M3,(403) 327-9113,Insulation Windows,T*,yes,yes,no,no,no
TDC Roofing,Calgary,T2K 4T2,(403) 456-2345,Insulation Windows,"T1*, T2*, T3*",yes,yes,no,no,no
Dalreida Constrution LTD,St. Paul,T0A 3A1,(780) 210-8245,Insulation Windows,T0A,yes,yes,no,no,no
Window and door guys corp.,Calgary,T3A 2R4,(403) 461-8259,Windows,T3*,yes,no,no,no,no
Kaleidoscope Windows and Doors Ltd,Fairview,T0H 1L0,(780) 772-3761,Windows,T0H,yes,no,no,no,no
AVWD LTD,Calgary,T2C 1X8,(403) 279-8777,Windows,"T0*, T1*, T2*, T3*, T4*",yes,no,no,no,no
Renova Luxury Renovations & Renova Luxury Homes,Calgary,T2C 2T8,(403) 537-2076,Hot Water Tanks Insulation Windows,T*,yes,yes,yes,no,no
TIMKO Home Improvements Ltd.,Medicine Hat,T1A 7X1,(403) 527-1211,Windows,T*,yes,no,no,no,no
Priority One Exteriors Ltd,Red Deer,T4R 3M9,(403) 318-9327,Windows,T4*,yes,no,no,no,no
"Bearspaw Renovations, Inc.",Calgary,T3Z 1C7,(403) 247-4080,Windows,T*,yes,no,no,no,no
Western Windows,Calgary,T3J 4L8,(403) 291-3035,Windows,"T1V, T2*, T3*, T4*",yes,no,no,no,no
Gienow Renovations,Calgary,T2C 2B6,(403) 203-8270,Insulation Windows,"T1S, T1X, T1Y, T1Z, T2*, T3*, T4A, T4B, T4C, T5*, T6*, T7X, T7Y, T7Z, T8A, T8B, T8C, T8E, T8G, T8H, T8L, T8N, T9E, T9G",yes,yes,no,no,no
Seven Pillars Custom Building Inc.,Edmonton,T5T 6S9,(780) 903-8171,Hot Water Tanks Insulation Windows,"T4X, T5*, T6*, T7X, T7Y, T7Z, T8H, T8L, T8N, T9E",yes,yes,yes,no,no
VEL Windows and Glass Ltd.,Calgary,T2C 2H8,(587) 471-0646,Windows,"T2*, T3*",yes,no,no,no,no
McCormick General Construction (M.G.C) Inc.,Edmonton,T6R 0B1,(780) 278-6461,Hot Water Tanks Insulation Windows,T*,yes,yes,yes,no,no
Puralta Cons,Spruce Grove,T7X 1K8,(780) 721-4748,Windows,T2*,yes,no,no,no,no
St.Albert Glass Contracting Ltd.,St. Albert,T8N 1N3,(780) 458-3760,Windows,"T*, T8N",yes,no,no,no,no
Hickey bros construction & reno ltd,Leduc,T9E 5T7,(780) 904-6795,Insulation Windows,"T*, T9E",yes,yes,no,no,no
JR Works,Calgary,T3R 0P8,(403) 295-1655,Insulation Windows,"T1*, T2*, T3*",yes,yes,no,no,no
"Ultimate ""The Exterior Renovators """,Edmonton,T6E 0G2,(780) 430-6441,Insulation Windows,"T5*, T6*",yes,yes,no,no,no
North End Builders,Fort Mcmurray,T9K 0C5,(780) 531-4399,Insulation Windows,T9K,yes,yes,no,no,no
GoFor Contracting Ltd,Grimshaw,T0H 1W0,(780) 332-1069,Insulation Windows,"T8S, T0H",yes,yes,no,no,no
New Tech Investments Ltd.,Lacombe,T4L 1X3,(403) 782-4893,Windows,"T0C, T0M, T4L",yes,no,no,no,no
Trew Renovations Ltd,Calgary,T3M 0J8,(403) 612-1380,Insulation Windows,T*,yes,yes,no,no,no
YELLOWHEAD HOME AND GLASS LTD,Bonnyville,T9N 2G7,(780) 826-6405,Insulation Windows,"T0A, T9M, T9N",yes,yes,no,no,no
Serenity Contracting & Design Inc.,Edmonton,T5L 4N8,(780) 435-6304,Hot Water Tanks Insulation Windows,T5L,yes,yes,yes,no,no
Boulevard Exteriors,Calgary,T2H 2L9,(403) 903-2459,Insulation Windows,"T1P, T1S, T1X, T1Y, T1Z, T2*, T3*, T4A, T4B, T4C",yes,yes,no,no,no
Bob's Roofing & Repair,Hinton,T7V 1A4,(780) 817-0267,Insulation Windows,T7V,yes,yes,no,no,no
Calgary Retrofitters Ltd.,Calgary,T2E 2B1,(403) 717-0911,Hot Water Tanks Insulation Windows,"T1*, T2*, T3*, T4*",yes,yes,yes,no,no
Calgary Window Renovations,Calgary,T2E 7A7,(403) 250-2192,Windows,T*,yes,no,no,no,no
Molecular Construction Ltd,Edmonton,T5R 1R6,(780) 231-6063,Insulation Windows,T*,yes,yes,no,no,no
Alair Homes,Calgary,T2T 0A4,(403) 408-9951,Windows,T*,yes,no,no,no,no
GreenFox Windows & Doors,Edmonton,T6E 5E8,(800) 232-9454,Insulation Windows,"T*, T4J, T4S, T4V, T4X, T5A, T5B, T5C, T5E, T5G, T5H, T5J, T5K, T5L, T5M, T5N, T5P, T5R, T5S, T5T, T5V, T5W, T5X, T5Y, T5Z, T6A, T6B, T6C, T6E, T6G, T6H, T6J, T6K, T6L, T6M, T6N, T6P, T6S, T6T, T6V, T6W, T6X, T6R, T7A, T7N, T7Z, T8B, T8E, T8G, T8H, T8L, T8N, T8S, T9A, T9M, T9E, T9G",yes,yes,no,no,no
Work4u,Calgary,T2X 3H3,(403) 669-3281,Hot Water Tanks Insulation Windows,T2X,yes,yes,yes,no,no
Calgary Renovation Contractors,Calgary,T2W 4Z2,(403) 991-5152,Insulation Windows,T*,yes,yes,no,no,no
Value Master Homes,Cold Lake,T9M 0C8,(780) 594-4605,Hot Water Tanks Insulation Windows,"T0A, T9M, T9N",yes,yes,yes,no,no
Bultena Developments,Coaldale,T1M 1H9,(403) 635-0292,Hot Water Tanks Insulation Windows,T1M,yes,yes,yes,no,no
ACR General Contractors,Lethbridge,T1H 7B4,(403) 942-7770,Insulation Windows,"T0J, T0K, T0L, T1G, T1H, T1K, T1M, T1R, T1J",yes,yes,no,no,no
Knop Premium Windows and Renovation LTD.,Edmonton,T5X 6A1,(780) 761-5404,Insulation Windows,T*,yes,yes,no,no,no
CanGlass,Canmore,T1W 2W8,(403) 678-4588,Windows,"T*, T1L, T1W, T1X",yes,no,no,no,no
Village Glass and Mirror,Onoway,T0E 1V0,(780) 967-2127,Windows,T*,yes,no,no,no,no
Hometech Windows and Doors Inc.,Edmonton,T5S 2V4,(780) 488-1001,Windows,"T0A, T0B, T0C, T0E, T0G, T0J, T0K, T0L, T0M, T0P, T1A, T1H, T1P, T1W, T1X, T1Y, T2A, T2B, T2J, T2L, T2R, T2S, T2T, T3C, T3M, T4C, T4J, T5*, T5A, T5H, T5J, T6*, T7N, T7X, T7Z, T8A, T8C, T8E, T8G, T8L, T9C, T9M, T9S, T9V, T0H, T2C, T2E, T2G, T2N, T2P, T9E, T9G",yes,no,no,no,no
Fresh Homes,Calgary,T2G 3X8,(403) 312-8662,Hot Water Tanks Insulation Windows DWHR,T*,yes,yes,yes,yes,no
1748614 Alberta Ltd.,St. Albert,T8N 7A6,(780) 779-7571,Insulation Windows,"T*, T0E, T7E, T7S, T8N, T0H",yes,yes,no,no,no
Luckystar Renovation Ltd.,Edmonton,T5X 1C7,(780) 886-2288,Hot Water Tanks Insulation Windows,"T5*, T6*",yes,yes,yes,no,no
Mackenzie Exteriors,Calgary,T3H 5Y7,(403) 614-8369,Insulation Windows,T*,yes,yes,no,no,no
BML Homes Ltd.,Sturgeon County,T8T 1V8,(780) 231-7516,Windows,T*,yes,no,no,no,no
cedar creek home improvements,Calgary,T3B 5L3,(403) 247-0998,Insulation Windows,T3B,yes,yes,no,no,no
Radiant Window & Door Limited,Calgary,T2J 1C6,(587) 892-7395,Windows,T*,yes,no,no,no,no
Plettl Construction,Edmonton,T6J 2B5,(780) 984-6276,Windows,"T5*, T6*",yes,no,no,no,no
Heartland Glass ltd.,Stettler,T0C 2L0,(403) 742-2665,Windows,T0C,yes,no,no,no,no
Bird Bros Ltd.,Viking,T0B 4N0,(780) 336-6088,Insulation Windows,T*,yes,yes,no,no,no
TIM'S GLASS HOME & AUTO,Strathmore,T1P 1R8,(403) 934-5804,Windows,T1P,yes,no,no,no,no
Klondyke Construction and or Ace Insulating,Barrhead,T7N 1A3,(780) 305-4175,Insulation Windows,"T*, T0E, T0G, T7N, T7P, T7S, T2C",yes,yes,no,no,no
SIS Exterior Renovations,Calgary,T2G 3T9,(403) 640-1334,Insulation Windows,"T0J, T0L, T0M, T1P, T1S, T1V, T1X, T2*, T3*, T4*",yes,yes,no,no,no
RAS Developments Ltd,Camrose County,T0B 2M1,(780) 818-2300,Windows,"T0B, T4V, T5*, T6*",yes,no,no,no,no
Garry Builders,St. Albert,T8N 1G5,(780) 459-0477,Hot Water Tanks Insulation Windows,T8N,yes,yes,yes,no,no
Javin Windows & Doors,Edson,T7E 1L9,(780) 725-0054,Insulation Windows,T7E,yes,yes,no,no,no
Rieland Homes,Spruce Grove,T7X 3W7,(780) 293-9997,Hot Water Tanks Insulation Windows,T7X,yes,yes,yes,no,no
D & Z Siding & Contracting Inc.,Camrose,T4V 4W9,(780) 608-9748,Insulation Windows,"T0B, T4V",yes,yes,no,no,no
Go-Green Window & Door Ltd.,Calgary,T1Y 4C4,(403) 875-2333,Windows,"T*, T1L, T1P, T1S, T1W, T1X, T1Z, T2A, T2B, T2J, T2K, T2L, T2M, T2R, T2S, T2T, T2V, T2W, T2X, T2Z, T3A, T3B, T3C, T3E, T3G, T3J, T3K, T3L, T3M, T3N, T3P, T3R, T3S, T4A, T4B, T4C, T4H, T2C, T2E, T2G, T2H, T2N, T2P, T2Y, T3H",yes,no,no,no,no
A Cut Above Living,Edmonton,T6W 0T3,(780) 244-0504,Hot Water Tanks Insulation Windows DWHR,"T0*, T1*, T3*, T4*, T5*, T6*, T7*, T8*, T9*",yes,yes,yes,yes,no
P.N.G Construction Ltd,Calgary,T2C 1N1,(403) 692-0880,Windows,T*,yes,no,no,no,no
Alair Homes,St. Albert,T8N 7K9,(780) 245-5590,Hot Water Tanks Insulation Windows DWHR,T*,yes,yes,yes,yes,no
Bengel Custom Homes,Leduc,T9E 2X1,(587) 982-7723,Insulation Windows,"T0*, T9E",yes,yes,no,no,no
EconoShield Windows,Calgary,T2H 0R8,(403) 454-3070,Windows,"T*, T1*, T1Y, T2*, T2A, T2J, T2W, T2Z, T3*, T3A, T3K, T2Y",yes,no,no,no,no
Kay2 Contracting Lttd,Calgary,T2C 2C8,(403) 273-2202,Hot Water Tanks Insulation Windows,"T1P, T1S, T1X, T1Y, T1Z, T2*, T3*, T4A, T4B",yes,yes,yes,no,no
Seventy Two Developments,St. Paul,T0A 3A1,(780) 614-9666,Insulation Windows,T0*,yes,yes,no,no,no
Accent Painting and Contracting Ltd,Calgary,T3H 5B4,(403) 371-7379,Hot Water Tanks Insulation Windows,T*,yes,yes,yes,no,no
Aussie Mikes Contractors Inc.,Calgary,T2K 2E7,(403) 402-5351,Windows,T2K,yes,no,no,no,no
Vinyl Window Pro,Calgary,T2A 6K1,(587) 707-9257,Windows,"T*, T0J, T1L, T1S, T1W, T1X, T1Y, T2A, T2B, T2J, T2K, T2L, T2M, T2R, T2S, T2T, T2V, T2W, T2X, T2Z, T3A, T3B, T3C, T3E, T3G, T3J, T3K, T3L, T3M, T3N, T3P, T3R, T4A, T4B, T4C, T5A, T5B, T5C, T5E, T5G, T5J, T5K, T5L, T5M, T5N, T5P, T5R, T5S, T5T, T5V, T5W, T5X, T5Y, T5Z, T6A, T6B, T6C, T8N, T2C, T2E, T2G, T2H, T2N, T2P, T2Y, T3H",yes,no,no,no,no
Axford Construction Inc,Red Deer County,T4E 0V3,(403) 340-2777,Insulation Windows,"T0B, T0C, T4*",yes,yes,no,no,no
Expert Insulation Contracting LTD.,Edmonton,T6B 0C6,(780) 995-2533,Hot Water Tanks Insulation Windows,"T*, T6R, T9H",yes,yes,yes,no,no
R-Paq Construction Ltd.,Sturgeon County,T8R 1X8,(780) 995-7727,Hot Water Tanks Insulation Windows,"T7*, T8*",yes,yes,yes,no,no
JNC Contracting Ltd.,Carstairs,T0M 0N0,(403) 337-3716,Insulation Windows,T0M,yes,yes,no,no,no
Lyndecorp Management Services Ltd.,St. Albert,T8N 6P4,(780) 885-1446,Windows,T8*,yes,no,no,no,no
Careys carpentry,Vulcan,T0L 2B0,(403) 485-0265,Windows,T0L,yes,no,no,no,no
RBR EXTERIORS INC,Calgary,T2T 3Z8,(403) 990-9408,Windows,T2*,yes,no,no,no,no
Itchy & Scratchy's Insulation/Lalonde Home Centre,Fort Mcmurray,T9H 1V9,(780) 598-5690,Insulation Windows,T9H,yes,yes,no,no,no
Tay-ky Developments Ltd.,Calgary,T2J 2R3,(587) 355-5509,Hot Water Tanks Insulation Windows,"T1W, T1Y, T1Z, T2*, T3*",yes,yes,yes,no,no
CKR & Complete Kitchen Renovations,Lethbridge,T1H 0E8,(140) 320-2130,Hot Water Tanks Insulation Windows,"T0L, T1H, T1K, T1M, T1J",yes,yes,yes,no,no
NorthTech Windows and Doors Inc,Edmonton,T5S 2T4,(780) 278-0639,Windows,"T0A, T0B, T0C, T0E, T0G, T0M, T0P, T1P, T1S, T4H, T4X, T5A, T5Y, T5Z, T6M, T7N, T7P, T7Z, T7S, T8A, T8L, T8R, T8S, T8X, T9C, T9H, T9K, T9M, T9S, T9V, T0H, T8V",yes,no,no,no,no
Yellowhead Windows & Doors Ltd,Bonnyville,T9N 2G7,(780) 875-5757,Insulation Windows,"S**, T*",yes,yes,no,no,no
Permanent Windows Solutions Inc.,Edmonton,T6J 3K5,(780) 953-6621,Windows,"T0*, T0A, T5*, T5C, T5E, T5L, T5V, T5X, T5Y, T5Z, T6*, T6V, T7*, T8*, T8N, T8T, T9*",yes,no,no,no,no
Jms Window and Door,Stirling,T0K 2E0,(403) 634-5844,Windows,T*,yes,no,no,no,no
Up N Built Construction Ltd.,Rocky View County,T4A 0N2,(403) 875-1427,Hot Water Tanks Insulation Windows,"T0M, T4A",yes,yes,yes,no,no
Airdrie Windshield & Glass Ltd.,Airdrie,T4A 2H6,(403) 948-6625,Windows,"T0M, T1X, T1Y, T4A, T4B",yes,no,no,no,no
PELLA WESTERN CANADA,Calgary,T2C 5B6,(403) 816-5187,Windows,T*,yes,no,no,no,no
Prism Glass,Grande Prairie,T8V 2N1,(780) 532-9696,Windows,T8V,yes,no,no,no,no
C-Returns,Edmonton,T6G 0P3,(780) 429-4114,Hot Water Tanks Insulation Windows HVAC,T*,yes,yes,yes,no,yes
Nord Alta Construction,Edmonton,T5C 1M3,(780) 940-6767,Hot Water Tanks Insulation Windows,"T5*, T6*, T8*",yes,yes,yes,no,no
High Reach Contracting ltd,Wetaskiwin,T9A 1W9,(780) 361-6379,Insulation Windows,T9A,yes,yes,no,no,no
NTK WoodWorks,Camrose,T4V 4N6,(780) 678-7742,Insulation Windows,"T0B, T4V",yes,yes,no,no,no
Jacewicz European Windows Inc.,Calgary,T3K 4V9,(403) 861-7667,Windows,T*,yes,no,no,no,no
Goldwin Renovations Inc.,Calgary,T2H 2J7,(403) 252-1670,Windows,"T*, T1*, T2*, T3*",yes,no,no,no,no
Ecosmart Calgary Inc,Calgary,T2J 7C9,(403) 860-1546,Insulation Windows,"T2*, T3*",yes,yes,no,no,no
Crackmasters Camrose,Camrose,T4V 3T1,(780) 608-5262,Windows,"T*, T0B, T4V",yes,no,no,no,no
Jaren Exteriors,Sherwood Park,T8A 6J5,(780) 975-4297,Insulation Windows,"T5*, T6*, T7*, T8*, T9*",yes,yes,no,no,no
SIONI CUSTOM HOMES LTD.,Millarville,T0L 1K0,(403) 815-8605,Insulation Windows,T*,yes,yes,no,no,no
Canglow Windows and Doors Inc,Edmonton,T5L 2M7,(780) 660-5111,Windows,"T0A, T0B, T0C, T0E, T0G, T0M, T0P, T5A, T5B, T5C, T5E, T5G, T5H, T5J, T5K, T5L, T5M, T5N, T5T, T5Y, T6B, T6C, T6E, T6G, T6J, T6K, T6L, T6M, T7X, T8A, T8N, T8S, T8T, T9H, T9K, T9M, T9S, T9V, T0H",yes,no,no,no,no
Qualiglass Windows and Doors Ltd.,Edmonton,T6B 0E8,(780) 466-3938,Windows,"T4J, T4V, T4X, T5*, T6*, T7N, T7P, T7X, T7Y, T7Z, T8A, T8B, T8C, T8D, T8E, T8G, T8H, T8L, T8M, T8N, T8R, T8S, T8T",yes,no,no,no,no
Texture Craft Group of Companies,Calgary,T2G 3M9,(403) 921-8195,Windows,"T1*, T2*, T3*",yes,no,no,no,no
Brayden Renovations Ltd,Calgary,T2G 3T9,(403) 597-0960,Windows,T4*,yes,no,no,no,no
Athabsaca Home Hardware Building Centre,Athabasca,T9S 1E8,(780) 675-2355,Insulation Windows,T9S,yes,yes,no,no,no
J A Building Services,Hillcrest,T0K 1C0,(403) 563-8395,Insulation Windows,"T0*, T0K",yes,yes,no,no,no
Challenger Building Supplies Ltd.,Lethbridge,T1H 5C9,(403) 327-8501,Insulation Windows,"T*, T1*",yes,yes,no,no,no
Millennium Windows & Doors Renovation Ltd,Sherwood Park,T8H 0B1,(780) 908-0336,Windows,T*,yes,no,no,no,no
Rally Glass & Mirror Ltd.,Edmonton,T5A 4N3,(780) 476-1978,Windows,"T5*, T5A",yes,no,no,no,no
872756002- Epic Roofing & Exteriors LTD,Calgary,T2E 8K8,(403) 366-3770,Insulation Windows,"T0*, T1*, T2*, T3*, T4*",yes,yes,no,no,no
TRANS WINDOWS RENOVATION INC,Edmonton,T6E 5M6,(780) 438-3888,Windows,T*,yes,no,no,no,no
FINISHTECH INC,Camrose,T4V 2C8,(780) 679-7208,Windows,T*,yes,no,no,no,no
HAY CITY PROJECTS LTD.,Olds,T4H 1M5,(403) 556-3065,Windows,"T*, T4H",yes,no,no,no,no
RW Contracting,Medicine Hat,T1A 1K9,(403) 526-0398,Windows,T1A,yes,no,no,no,no
The Home Depot,Toronto,M3C 4H9,(800) 466-3337,Hot Water Tanks Insulation Windows HVAC,T*,yes,yes,yes,no,yes
Great Canadian Roofing & Siding (Red Deer) Ltd.,Red Deer,T4P 3R2,(403) 346-4232,Insulation Windows,"T0C, T0M, T4E, T4G, T4H, T4J, T4L, T4M, T4N, T4P, T4R, T4S, T4T",yes,yes,no,no,no
Rosmac Enterprises Inc.,Rosalind,T0B 3Y0,(780) 608-8239,Insulation Windows,T*,yes,yes,no,no,no
Brost Developments Inc.,Medicine Hat,T1A 1M8,(403) 526-5004,Hot Water Tanks Insulation Windows,"T0J, T1A, T1C, T1B",yes,yes,yes,no,no
Midwest Glass 1976 Ltd,Edson,T7E 1T7,(780) 723-4042,Windows,"T0*, T7*",yes,no,no,no,no
"MAXgreen Windows, Siding and Roofing",Calgary,T2B 3N4,(403) 830-5002,Insulation Windows,"T0*, T1*, T2*, T3*",yes,yes,no,no,no
Leo's Building Supplies Ltd.,Olds,T4H 0A2,(403) 556-8723,Hot Water Tanks Insulation Windows,"T0M, T4A, T4G, T4H, T4T",yes,yes,yes,no,no
Strongwood Construction,Medicine Hat,T1A 8A4,(403) 594-9164,Windows,T1*,yes,no,no,no,no
Newfoundland Handyman Ltd.,Fort Mcmurray,T9H 1H5,(780) 788-0758,Insulation Windows,T9*,yes,yes,no,no,no
Artec Construction Ltd,Calgary,T2J 5S1,(403) 242-1861,Insulation Windows,T*,yes,yes,no,no,no
Fairfield Foams Ltd,Brooks,T1R 0N8,(403) 362-5951,Insulation Windows,"T*, T1A, T1G, T1P, T1R, T1B",yes,yes,no,no,no
Stonewood Homes,Spruce Grove,T7X 3T1,(780) 962-9808,Hot Water Tanks Insulation Windows,"T5*, T6*, T7X",yes,yes,yes,no,no
All-West Northern Glass Ltd,Grande Prairie,T8V 4E1,(780) 532-4711,Windows,"T8X, T0H, T8V, T8W",yes,no,no,no,no
Full House Renovations,Edmonton,T5M 3Z8,(780) 483-2666,Insulation Windows,"T5*, T6*, T8A, T8B, T8C, T8E, T8G, T8H, T8N",yes,yes,no,no,no
Renovo Home Solutions,Calgary,T3E 6S9,(587) 893-1144,Hot Water Tanks Insulation Windows,T*,yes,yes,yes,no,no
Coulee View Windows & Doors,Coaldale,T1M 1M2,(403) 317-1304,Windows,"T0K, T1G, T1H, T1K, T1M, T1J",yes,no,no,no,no
Daniel Iseli-Otto,Rimbey,T0C 2J0,(780) 245-6481,Windows,T0C,yes,no,no,no,no
Window Time LTD,Lethbridge,T1H 7C4,(403) 315-9133,Windows,T*,yes,no,no,no,no
Schierwood Builders Inc.,Vulcan,T0L 2B0,(403) 485-1807,Insulation Windows,T0L,yes,yes,no,no,no
Ecoline Windows,Calgary,T2B 2X3,(866) 644-6418,Windows,"T0*, T1*, T2*, T3*, T4*, T5*, T6*, T7*, T8*, T9*",yes,no,no,no,no
A.C.T. Home Services,Wetaskiwin,T9A 2Z4,(780) 352-7663,Insulation Windows,"T0B, T0C, T4J, T4V, T6W, T6X, T9A, T9E",yes,yes,no,no,no
Corney's Contracting LTD.,Brooks,T1R 1L9,(403) 633-0390,Insulation Windows,"T0J, T1R",yes,yes,no,no,no
Greyhammer Built,Edmonton,T5H 3H6,(780) 264-9461,Windows,"T5*, T6*",yes,no,no,no,no
Redwood Renovations & Design Inc,Calgary,T3B 5J9,(403) 888-3955,Hot Water Tanks Insulation Windows,T*,yes,yes,yes,no,no
Creative Glass & Aluminum Ltd,Lloydminster,T9V 2W9,(780) 874-9155,Windows,"T0B, T9V",yes,no,no,no,no
Fort Sask Reno,Fort Saskatchewan,T8L 1A6,(780) 271-4312,Insulation Windows,"T5*, T6*, T7*, T8*, T9*",yes,yes,no,no,no
ET Windows and doors,Calgary,T2E 5V5,(403) 400-7237,Windows,"T1P, T1S, T1V, T1X, T2*",yes,no,no,no,no
Vrabel Construction Ltd.,Edmonton,T6E 5E3,(780) 909-4619,Insulation Windows,T*,yes,yes,no,no,no
Speyside Windows,Calgary,T2X 0W4,(403) 829-9437,Windows,T2*,yes,no,no,no,no
Forward Construction Inc,Mannville,T0B 2W0,(780) 787-0713,Insulation Windows,"T0B, T9X",yes,yes,no,no,no
Rsvp Design (Loewen Window Centre of Edmonton),Edmonton,T6N 1N1,(780) 452-3753,Windows,T*,yes,no,no,no,no
Borle Bros. Contracting Corp.,Calgary,T3C 0S1,(587) 877-1423,Insulation Windows,"T3*, T4*",yes,yes,no,no,no
Walbert Windows,Edmonton,T6R 1B3,(780) 995-1731,Windows,T*,yes,no,no,no,no
Clarity Glass Systems Ltd.,Cochrane,T4C 2K2,(403) 861-7612,Windows,"T1*, T2*, T3*",yes,no,no,no,no
b wise contractors 2012 ltd,Edmonton,T5V 1L2,(780) 489-0181,Insulation Windows,T*,yes,yes,no,no,no
Barrhead Glass,Barrhead,T7N 1A3,(780) 674-3398,Insulation Windows,"T0*, T7*",yes,yes,no,no,no
KENLAR,Irma,T0B 2H0,(780) 754-2262,Hot Water Tanks Hot Water Tanks Insulation Insulation Windows Windows,"T*, T*, T0A, T0A, T0B, T0B, T0C, T0C, T0J, T0J, T2*, T2*, T5A, T5A, T6W, T6W, T8E, T8E, T8G, T8G, T9V, T9V",yes,yes,yes,no,no
Provost Glass and Door,Provost,T0B 3S0,(780) 753-6888,Windows,"T0B, T0C",yes,no,no,no,no
JJAK Home Repair & Improvement,Calgary,T2Z 2X2,(403) 477-1966,Insulation Windows,T2*,yes,yes,no,no,no
Casap Renovations LTD,Calgary,T3P 1E9,(403) 909-5592,Windows,"T2*, T3*, T4*",yes,no,no,no,no
Marshall Roofing Ltd.,Morinville,T8R 1R9,(780) 451-5000,Insulation Windows,T*,yes,yes,no,no,no
Tower Contracting Inc.,Leduc County,T4X 0K8,(780) 965-8770,Insulation Windows,"T4*, T5*, T6*",yes,yes,no,no,no
Swan Construction Inc.,Fort Mcmurray,T9H 1Z4,(780) 799-9978,Insulation Windows,T9H,yes,yes,no,no,no
Capital Glass Ltd,Medicine Hat,T1C 0B7,(403) 527-3331,Windows,T*,yes,no,no,no,no
Kon-strux Developments Inc.,Calgary,T2K 6J8,(403) 769-1440,Hot Water Tanks Insulation Windows DWHR HVAC,"T1*, T1X, T1Y, T2*, T2S, T3*, T3B, T3R, T2E, T2P",yes,yes,yes,yes,yes
Werner Bartel Project Management,Calgary,T2X 1W3,(403) 862-8533,Insulation Windows,T2X,yes,yes,no,no,no
Abhaile Homes,Innisfail,T4G 1G7,(403) 896-1488,Insulation Windows,T*,yes,yes,no,no,no
All-West Glass Edmonton Ltd.,Edmonton,T5M 3T5,(780) 451-6108,Windows,"T5*, T6*, T7X, T7Y, T7Z, T8A, T8B, T8C, T8E, T8G, T8H",yes,no,no,no,no
Timberwolf construction & attic insulation,High River,T1V 1Y3,(403) 652-6675,Insulation Windows,"T0L, T1V",yes,yes,no,no,no
Able Building Systems ltd,Strathmore,T1P 1J6,(403) 617-1518,Insulation Windows,T*,yes,yes,no,no,no
sunset glass ltd,Innisfail,T4G 1R6,(403) 227-2212,Windows,"T0*, T2*, T4*",yes,no,no,no,no
Supreme Windows Calgary Inc.,Calgary,T2C 2X7,(403) 279-2797,Windows,"T0*, T1*, T2*, T3*, T4*, T7*, T9*",yes,no,no,no,no
Anco home improvement ltd,Edmonton,T5P 0V6,(780) 439-5553,Insulation Windows,"T5A, T5J, T5M, T5N, T5P, T5T, T6C, T6G, T6M, T7X, T8A, T8N, T9E, T9G",yes,yes,no,no,no
ZZ Construction Ltd.,Calgary,T2C 1N6,(403) 251-5121,Windows,T*,yes,no,no,no,no
Charest construction ltd,Canmore,T1W 1A2,(403) 688-2468,Windows,T1W,yes,no,no,no,no
Prestige INC,Edmonton,T6B 2P1,(780) 216-1514,Insulation Windows,T*,yes,yes,no,no,no
A & A Glass Ltd.,Cold Lake,T9M 1R5,(780) 594-2500,Windows,T9M,yes,no,no,no,no
Victor Kingston Construction 2000 Inc,Lethbridge,T1H 5C5,(403) 327-6682,Windows,T1*,yes,no,no,no,no
St.Amand's Contracting,Wainwright,T9W 1P5,(780) 806-6169,Insulation Windows,"T0B, T9V, T9W, T9X",yes,yes,no,no,no
Quadrant Construction Ltd.,Edmonton,T6H 4L1,(780) 893-7541,Hot Water Tanks Insulation Windows,T*,yes,yes,yes,no,no
WB CONTRACTING,Edmonton,T5P 1G8,(780) 454-4546,Insulation Windows,T*,yes,yes,no,no,no
Canadian Choice Windows and Doors Calgary Inc,Calgary,T2H 2J7,(403) 719-5620,Windows,"T*, T1*, T2*, T3*, T4*",yes,no,no,no,no
Clark Contracting Corp,Carstairs,T0M 0N0,(403) 860-9271,Windows,T0M,yes,no,no,no,no
Blue Island Roofing & Exteriors,Calgary,T3B 0E6,(403) 836-6126,Insulation Windows,"T2K, T2L, T2M, T2W, T3B, T3G",yes,yes,no,no,no
Allrose Exteriors Ltd,Red Deer County,T4E 1M5,(403) 347-2522,Hot Water Tanks Insulation Windows,"T4*, S9*",yes,yes,yes,no,no
DWS Renovations Ltd,Langdon,T0J 1X1,(403) 936-3686,Insulation Windows,"T0*, T1*, T2*, T3*, T4*",yes,yes,no,no,no
BBB Furnace Inc.,Calgary,T2J 3S6,(587) 433-3335,Hot Water Tanks Insulation Windows HVAC,T*,yes,yes,yes,no,yes
H & J General Contractors INC.,Medicine Hat,T1B 4C4,(403) 527-9531,Windows,T1A,yes,no,no,no,no
Hardy Boyz Exteriors Ltd.,Calgary,T2A 6J3,(403) 629-0346,Insulation Windows,T*,yes,yes,no,no,no
Black Pearl Homes Ltd.,Wainwright,T9W 0B6,(780) 842-8009,Insulation Windows,"T9V, T9W, T9X",yes,yes,no,no,no
CALIFORNIA HOMES LTD,Calgary,T2Z 4C9,(403) 258-2333,Hot Water Tanks Insulation Windows,"T2Z, T3A",yes,yes,yes,no,no
South Country Glass Ltd.,Medicine Hat,T1A 2V8,(403) 529-1890,Windows,"T0J, T1A, T1B",yes,no,no,no,no
JYMB THE RENOVATORS INC,Airdrie,T4B 1C7,(403) 617-5668,Windows,T*,yes,no,no,no,no
Greg Martineau Projects Commercial,Calgary,T2B 2E5,(403) 250-8201,Windows,T*,yes,no,no,no,no
Rococo Homes Inc,Spruce Grove,T7X 3K3,(780) 960-4608,Hot Water Tanks Insulation Windows,T*,yes,yes,yes,no,no
Homes By Tricolor Inc.,Edmonton,T6H 5N8,(780) 405-5120,Hot Water Tanks Insulation Windows,"T5H, T5J, T5K, T5M, T5N, T5P, T5R, T5S, T5T, T6B, T6C, T6E, T6G, T6H, T6J, T6K, T6L, T6M, T6W, T6X, T6R",yes,yes,yes,no,no
Stylistic Exteriors,Sherwood Park,T8N 4T8,(780) 467-4542,Windows,T*,yes,no,no,no,no
Grasse Lumber Sales Ltd.,Didsbury,T0M 0W0,(403) 335-8191,Insulation Windows,"T0*, T0M",yes,yes,no,no,no
Neu-build Construction Inc,Bow Island,T0K 0G0,(587) 253-0667,Insulation Windows,"T0K, T1*",yes,yes,no,no,no
Justin Zahara Contracting Ltd,Athabasca,T9S 1R1,(780) 689-0522,Insulation Windows,T9S,yes,yes,no,no,no
Skylight Concepts Ltd,Airdrie,T4B 0R1,(403) 275-9555,Windows,T*,yes,no,no,no,no
Mega Roofing & Exteriors Inc,Calgary,T2G 0B5,(403) 829-9646,Insulation Windows,"T1Z, T2E, T2G",yes,yes,no,no,no
Making Shade Construction Inc.,Dapp,T0G 0S0,(780) 206-1127,Windows,"T0G, T7P",yes,no,no,no,no
Great Canadian Roofing & Siding (CGY) Ltd,Calgary,T2G 2W3,(403) 263-7667,Insulation Windows,"T0J, T0L, T1S, T1V, T1W, T1X, T1Y, T1Z, T1J, T2A, T2B, T2J, T2K, T2L, T2M, T2R, T2S, T2T, T2V, T2W, T2X, T2Z, T3A, T3B, T3C, T3E, T3G, T3J, T3K, T3L, T3M, T3N, T3P, T3R, T3S, T4A, T4B, T4C, T4G, T2C, T2E, T2G, T2H, T2N, T2P, T2Y, T3H",yes,yes,no,no,no
Trades Sync Incorporated,Calgary,T3K 2B7,(403) 698-4877,Hot Water Tanks Insulation Windows,T*,yes,yes,yes,no,no
ReNoFears Renovations,Edmonton,T6J 6X3,(780) 974-3663,Hot Water Tanks Insulation Windows,"T*, T6*, T6J",yes,yes,yes,no,no
Renewall Projects,Airdrie,T4A 0E1,(403) 980-1160,Insulation Windows,"T1*, T2*, T3*, T4*",yes,yes,no,no,no
RE-Dek Construction,Sherwood Park,T8A 2L1,(780) 913-5628,Windows,"T5*, T6*, T7X, T7Y, T8A, T8B, T8C, T8E, T8G, T8H, T8L, T8T, T9E",yes,no,no,no,no
Anchor Glass,Hanna,T0J 1P0,(403) 854-4414,Insulation Windows,T0J,yes,yes,no,no,no
Mach 1 Roofing & General Contracting,Airdrie,T4B 2J5,(403) 835-4284,Insulation Windows,T*,yes,yes,no,no,no
Chase Exteriors Ltd.,Lethbridge,T1H 2J9,(403) 892-8496,Insulation Windows,"T0K, T0L, T1G, T1H, T1K, T1M, T1J",yes,yes,no,no,no
Qualitech Windows Manufacturing Inc,Edmonton,T6E 5X4,(780) 710-0435,Windows,"T5*, T6*, T7*, T8*, T9*",yes,no,no,no,no
Caruana Interiors and Contracting,St. Albert,T8N 3Z7,(780) 935-5831,Insulation Windows,"T5L, T5N, T5R, T5T, T5Y, T6E, T6H, T6J, T6W, T7X, T7Y, T7Z, T8A, T8B, T8C, T8H, T8L, T8N, T8R, T8T, T9E, T9G",yes,yes,no,no,no
Windows Plus Inc.,High River,T1V 1Z6,(403) 652-1133,Windows,"T0*, T1*, T2*, T3*",yes,no,no,no,no
Solar Homes Inc,Calgary,T3K 2G5,(403) 510-3189,Insulation Windows,T*,yes,yes,no,no,no
SAT CONSULTING & CONSTRUCTION INC.,Edmonton,T6E 5B8,(780) 993-5300,Hot Water Tanks Insulation Windows,"T5*, T6*, T6E, T6H",yes,yes,yes,no,no
XL Plumbing and Heating Ltd,Airdrie,T4B 3V7,(403) 681-7185,Hot Water Tanks Insulation Windows,"T0M, T2*, T3*",yes,yes,yes,no,no
Canadian Choice Windows and Doors,Edmonton,T5S 1H1,(855) 233-6705,Windows,"T0*, T1*, T2*, T3*, T4*, T5*, T6*, T7*, T8*, T9*",yes,no,no,no,no
Tom Banack Construction Ltd,Camrose,T4V 1P8,(780) 679-4751,Insulation Windows,"T0B, T4V",yes,yes,no,no,no
Pemadale Construction,Calgary,T3R 0H1,(403) 862-9842,Hot Water Tanks Insulation Windows,T*,yes,yes,yes,no,no
Vegreville Glass & Mirror Co. (1989) Ltd,Vegreville,T9C 1J7,(780) 632-3880,Windows,T*,yes,no,no,no,no
AB Renovations,Sherwood Park,T8A 4V1,(780) 499-5025,Insulation Windows,T*,yes,yes,no,no,no
Fort Macleod Glass,Fort Macleod,T0L 0Z0,(403) 317-4115,Windows,"T0K, T0L, T1H, T1K, T1J",yes,no,no,no,no
Crown Window Industries,Calgary,T2Y 0H7,(403) 397-4576,Windows,T2*,yes,no,no,no,no
Ice Form Ltd,Camrose County,T0B 2M1,(780) 878-5044,Insulation Windows,"T0B, T4V",yes,yes,no,no,no
Green Hills Construction INC,Two Hills,T0B 4K0,(780) 208-8687,Hot Water Tanks Insulation Windows,T0B,yes,yes,yes,no,no
Ashton Construction Servcies Inc.,Canmore,T1W 2W8,(403) 679-0632,Insulation Windows,"T1L, T1W",yes,yes,no,no,no
synergy enviro ltd,Edmonton,T5C 0M3,(780) 263-0262,Insulation Windows,"T0A, T5*, T6*, T8*, T8L, T8N, T8R, T9*",yes,yes,no,no,no
Golden West Exteriors,Edmonton,T6H 2H3,(780) 488-7663,Insulation Windows,"T5*, T6*, T7*, T8*, T9*",yes,yes,no,no,no
Perma Seal Windows & Doors Ltd.,Edmonton,T6E 0B2,(780) 434-9487,Windows,"T5*, T6*, T7*, T8*",yes,no,no,no,no
Bjornson Renovations Inc.,Calgary,T2K 5W5,(403) 813-5344,Windows,T*,yes,no,no,no,no
Pride Constuction Inc.,Calgary,T2J 4X6,(403) 804-4352,Hot Water Tanks Insulation Windows,T2*,yes,yes,yes,no,no
Ernest Buchfink operating as Buchfink Construction,Hanna,T0J 1P0,(403) 854-0372,Insulation Windows,T*,yes,yes,no,no,no
Sunview Windows & Doors,Edmonton,T6E 5B6,(780) 431-1888,Insulation Windows,T*,yes,yes,no,no,no
Construct Synergy Inc.,Edmonton,T6H 2C2,(780) 908-1262,Hot Water Tanks Insulation Windows,"T4*, T5*, T6*, T7X, T7Y, T8*, T9*",yes,yes,yes,no,no
Manor House,Calgary,T3C 3H8,(403) 870-2556,Hot Water Tanks Insulation Windows,"T*, T2M",yes,yes,yes,no,no
B.M.W. Roofing & Siding 2000 Inc.,Calgary,T1X 1X6,(403) 702-2880,Insulation Windows,"T*, T2*",yes,yes,no,no,no
Carriage Trade Woodcraft,Calgary,T3B 5R4,(403) 862-5220,Hot Water Tanks Insulation Windows,"T*, T2*",yes,yes,yes,no,no
Prescott Construction LTD.,Leduc,T9E 0R6,(780) 986-8665,Insulation Windows,"T0*, T4*, T5*, T6*, T7*, T8*, T9*",yes,yes,no,no,no
Argyle construction,Calgary,T2G 3V1,(403) 281-0331,Hot Water Tanks Insulation Windows,"T2*, T3*",yes,yes,yes,no,no
DaveX Construction Ltd.,Red Deer,T4P 3Y7,(403) 343-8083,Windows,T4*,yes,no,no,no,no
AAMD Renovations Inc,Calgary,T2X 2X7,(403) 862-1392,Windows,"T2*, T2X",yes,no,no,no,no
Cross-Country Builders Inc.,Parkland County,T7Y 2J7,(780) 909-2189,Insulation Windows,"T7X, T7Y",yes,yes,no,no,no
FMC Homes,Fort Mcmurray,T9K 0C4,(587) 275-0044,Hot Water Tanks Insulation Windows,"T9H, T9K",yes,yes,yes,no,no
Calidad Exteriors,Camrose,T4V 2C8,(780) 781-4281,Windows,T4*,yes,no,no,no,no
Grecotileltd,Edmonton,T5T 5X6,(780) 716-9180,Windows,T5T,yes,no,no,no,no
Kauffman Carpentry,Bluesky,T0H 0J0,(780) 834-8284,Insulation Windows,T0H,yes,yes,no,no,no
RRB Carpentry and Contracting Ltd,Sherwood Park,T8A 6C7,(780) 554-7348,Insulation Windows,T8A,yes,yes,no,no,no
Greener Homes Ltd.,Lethbridge,T1J 0P7,(403) 308-3892,Insulation Windows,"T0K, T0L, T1G, T1H, T1K, T1M, T1J",yes,yes,no,no,no
newlook exteriors ltd.,Medicine Hat,T1B 4G3,(403) 487-5585,Windows,T1B,yes,no,no,no,no
RED DEER HOME REPAIR,Red Deer,T4P 1M2,(403) 342-4646,Windows,"T*, T0B, T0C, T0M, T4*, T4E, T4G, T4H, T4J, T4L, T4M, T4N, T4P, T4R, T4S, T4T",yes,no,no,no,no
Christenson Exteriors,Edmonton,T6H 2J7,(780) 497-0958,Insulation Windows,"T5*, T6*, T8*",yes,yes,no,no,no
All Weather Windows Renovations,Edmonton,T5S 2K7,(780) 468-2989,Windows,"T0A, T0B, T1P, T1R, T1S, T1W, T1X, T1Y, T1Z, T2*, T3*, T4A, T4B, T4C, T4H, T4X, T5*, T6*, T7A, T7P, T7X, T7Y, T7Z, T8A, T8B, T8C, T8E, T8G, T8H, T8L, T8N, T8R, T8T, T9A, T9G",yes,no,no,no,no
C Brannon Construction,Calgary,T2E 6Z3,(403) 771-8080,Hot Water Tanks Insulation Windows DWHR,"T1*, T2*, T3*",yes,yes,yes,yes,no
TESC Construction Inc.,Edmonton,T5C 2J4,(780) 405-1235,Insulation Windows,"T5C, T5G",yes,yes,no,no,no
Home Style Construction Ltd.,Edmonton,T5S 1E5,(780) 267-6199,Windows,T*,yes,no,no,no,no
Borden Contracting Inc.,Grande Prairie,T8V 0E3,(780) 897-0142,Insulation Windows,"T8X, T0H, T8V, T8W",yes,yes,no,no,no
J.D. Construction,Viking,T0B 4N0,(780) 390-0269,Insulation Windows,T0B,yes,yes,no,no,no
Glass Unlimited Inc,Calgary,T2C 1N2,(403) 236-2911,Windows,T*,yes,no,no,no,no
Providence Contracting,Camrose,T4V 4H9,(780) 226-4181,Insulation Windows,"T4*, T4V",yes,yes,no,no,no
Pinnacle Group,Calgary,T2C 1G1,(403) 720-8789,Insulation Windows,"T1*, T2*, T3*, T4*",yes,yes,no,no,no
WinDoor Installations,Red Deer County,T4E 0A1,(403) 318-1760,Windows,"T4E, T4G, T4H, T4J, T4L, T4N, T4P, T4R, T4S",yes,no,no,no,no
HB Haus Design LTD.,Edmonton,T5N 2W4,(780) 257-8283,Insulation Windows,T5*,yes,yes,no,no,no
BroWorx Residential & Commercial Glass,Okotoks,T1S 0B5,(403) 869-4113,Windows,T1S,yes,no,no,no,no
Above Grade Basements,Calgary,T3C 2X4,(403) 333-2333,Hot Water Tanks Insulation Windows,"T2*, T3*",yes,yes,yes,no,no
MD Renovations Ltd,Lethbridge,T1J 0N1,(403) 894-2233,Hot Water Tanks Insulation Windows,T1J,yes,yes,yes,no,no
Excellent Roofing & Renovations Ltd.,Calgary,T2E 2M3,(403) 612-1113,Insulation Windows,T*,yes,yes,no,no,no
Epp Exteriors Ltd.,Lethbridge,T1H 0R3,(403) 634-2403,Insulation Windows,"T0K, T0L, T1H, T1K, T1M, T1J",yes,yes,no,no,no
Panther Homes and Contracting,Bow Island,T0K 0G0,(403) 308-6818,Insulation Windows,T0K,yes,yes,no,no,no
ALL PRO GLASS,Grande Prairie,T8V 6K4,(780) 978-0088,Windows,T8*,yes,no,no,no,no
Leak Doctor,Calgary,T2E 6N6,(403) 879-1110,Insulation Windows,"T1*, T2*, T4*",yes,yes,no,no,no
Red Deer Windows & Doors,Red Deer,T4N 2R2,(403) 348-6433,Windows,"T0C, T4*, T4N",yes,no,no,no,no
Alartco Windows & Doors Mfg. Ltd.,Edmonton,T5L 2M5,(780) 447-4474,Windows,T*,yes,no,no,no,no
Advanced Level Roofing,Calgary,T2E 8T6,(403) 540-0422,Windows,"T*, T1*, T1X, T1Y, T2*, T3*, T3G, T2E, T2N, T2P",yes,no,no,no,no
MR. BIBS CONTRACTING,Calgary,T2Z 3A9,(587) 896-8887,Insulation Windows,"T*, T2Z",yes,yes,no,no,no
Alberta Sound Exteriors LTD,Edmonton,T6E 4N4,(780) 430-9353,Insulation Windows,"T0B, T4*, T5*, T6*, T7*, T8*, T9*",yes,yes,no,no,no
Butterwick Construction & Carpentry ltd.,Edmonton,T6B 3E6,(780) 695-8584,Insulation Windows,T*,yes,yes,no,no,no
Yates Construction,Castor,T0C 0X0,(403) 882-3926,Hot Water Tanks Insulation Windows,T0*,yes,yes,yes,no,no
Provision Renovations Ltd.,St Paul,T0A 3A3,(780) 645-7707,Insulation Windows,T0*,yes,yes,no,no,no
Kruse'N Construction/Ener-Kruse Solar,Calgary,T2W 1W5,(403) 651-3411,Hot Water Tanks Insulation Windows DWHR,"T*, T2*",yes,yes,yes,yes,no
Topline Builders Ltd.,Sherwood Park,T8B 1K5,(780) 902-2498,Insulation Windows,"T4X, T5*, T6*, T7X, T7Y, T7Z, T8A, T8B, T8C, T8E, T8G, T8H, T8L, T8N, T9E",yes,yes,no,no,no
Eagle Lock & Glass,Wainwright,T9W 1B7,(780) 842-9134,Windows,"T0B, T9W",yes,no,no,no,no
WoodBurners Construction,High Level,T0H 1Z0,(780) 821-9005,Insulation Windows,T0H,yes,yes,no,no,no
Cornerstone Homes,Calgary,T2Z 3V6,(403) 279-9190,Insulation Windows,"T*, T2*",yes,yes,no,no,no
JMJ Ventures Ltd,Red Deer,T4N 2N5,(403) 343-9323,Windows,T*,yes,no,no,no,no
Camrose Glass & Overhead Doors,Camrose,T4V 0H6,(780) 672-0197,Windows,T*,yes,no,no,no,no
Worcon Contracting Ltd,Vermilion,T9X 1V4,(780) 853-7700,Insulation Windows,T9X,yes,yes,no,no,no
Effect Home Builders Ltd.,Edmonton,T6C 3P9,(780) 450-1399,Hot Water Tanks Insulation Windows DWHR,"T4X, T5*, T6*, T7N, T7Z, T8L, T8N, T8R, T9A, T9C, T9E, T9G",yes,yes,yes,yes,no
Icon Exteriors Inc,Sturgeon County,T0A 0K4,(780) 220-5199,Insulation Windows,"T0*, T4*, T5*, T6*, T7*, T8*, T9*",yes,yes,no,no,no
Nelson Lumber,Edmonton,T5L 4H5,(780) 452-9151,Windows,"T5A, T5B, T5C, T5E, T5G, T5H, T5J, T5L, T5M, T5N, T5P, T5R, T5S, T5T, T5V, T5W, T5X, T5Y, T5Z, T6A, T6B, T6C, T6E, T6G, T6H, T6J, T6K, T6L, T6M, T6N, T6P, T6T, T6V, T6W, T6X, T6R, T7Z, T8A, T8B, T8C, T8E, T8G, T8H, T8L, T8N, T8R, T8T, T9E, T9G",yes,no,no,no,no
Done Right Exteriors ltd,Foothills,T0L 1W2,(403) 606-5295,Insulation Windows,"T0L, T3R",yes,yes,no,no,no
Vantage Builders Ltd.,Vegreville,T9C 1L1,(780) 632-3422,Insulation Windows,"T0*, T8*, T9*",yes,yes,no,no,no
Fehrboys Carpentry inc.,Sherwood Park,T8G 1B2,(780) 938-5871,Windows,T8G,yes,no,no,no,no
Middelkoop Construction ltd,Nobleford,T0L 1S0,(403) 308-3538,Insulation Windows,T*,yes,yes,no,no,no
Greg Martineau Projects,Calgary,T2B 2E5,(403) 250-8201,Windows,T*,yes,no,no,no,no
Homes By Managen Ltd.,Edmonton,T6E 6T7,(780) 430-7176,Hot Water Tanks Insulation Windows,T6*,yes,yes,yes,no,no
Exterior Renovators,Stony Plain,T7Z 1J6,(780) 499-6206,Insulation Windows,"T5*, T6*, T7X, T7Y, T7Z",yes,yes,no,no,no
801400 Alberta Ltd - MS One Call,Calgary,T2C 3Y3,(403) 279-5631,Hot Water Tanks Windows HVAC,"T4B, T2C",yes,no,yes,no,yes
Exterior Systems Inc,Calgary,T3B 0H8,(403) 874-7994,Windows,"T0M, T1Z, T2*, T2B, T2K, T2L, T2M, T2W, T2X, T3C, T3E, T3G, T3J, T3K, T3L, T3R, T3S, T4G, T4H, T4J, T4S, T2C, T2E, T2N, T2Y",yes,no,no,no,no
Capitall Exterior Solutions,Edmonton,T5M 1W9,(780) 757-3930,Windows,T*,yes,no,no,no,no
Sustainable Projects Group,Calgary,T2B 0L1,(403) 966-5811,Hot Water Tanks Insulation Windows,"T1S, T1Y, T2A, T2B, T2J, T2K, T2L, T2M, T2R, T2S, T2T, T2V, T2W, T2Z, T3A, T3C, T3E, T3G, T3J, T3K, T3M, T2C, T2E, T2G, T2H, T2N, T2P, T2Y",yes,yes,yes,no,no
Calgary Custom Windows LTD,Calgary,T2Z 3V6,(403) 200-2991,Windows,T1*,yes,no,no,no,no
SBC Construction Services Ltd.,Nisku,T9E 7M2,(780) 955-3740,Insulation Windows,"T5*, T6*, T7X, T8A, T8N, T9*",yes,yes,no,no,no
Energy Efficiency Pros,Sexsmith,T0H 3C0,(780) 380-7777,Insulation Windows,"T0*, T7E, T8*",yes,yes,no,no,no
Kountry Energy Savings Solutions Ltd,Kitscoty,T0B 2P0,(780) 870-4837,Hot Water Tanks Windows,"T0*, T9*",yes,no,yes,no,no
Gerry Fankhanel Construction LTD.,Ferintosh,T0B 1M0,(780) 679-8403,Hot Water Tanks Insulation Windows,"T0B, T0C, T4J, T4V",yes,yes,yes,no,no
Window Seal West,Calgary,T2C 1H7,(403) 774-7202,Windows,T*,yes,no,no,no,no
Ultimate Renovations,Calgary,T2H 2Y5,(403) 214-8221,Hot Water Tanks Insulation Windows,"T0L, T0M, T1*, T1S, T1X, T2*, T3*, T4A",yes,yes,yes,no,no
Griffin Contracting and Installs Inc.,Calgary,T3A 1T6,(587) 433-2005,Windows,"T0J, T0L, T0M, T1*, T2*, T3*, T4C, T4H",yes,no,no,no,no
D&P Wood Works Ltd,Bellevue,T0K 0C0,(403) 866-8316,Windows,"M**, T0K",yes,no,no,no,no
Prestige Window & Door,Medicine Hat,T1C 0B7,(403) 504-4664,Windows,T1*,yes,no,no,no,no
Redfox Builderss LTD.,Wainwright,T9W 1S8,(780) 842-0761,Insulation Windows,"T0B, T9*, T9W",yes,yes,no,no,no
RamRod Construction,Brooks,T1R 1B5,(403) 362-4869,Insulation Windows,"T0*, T1*",yes,yes,no,no,no
POLAR WINDOW OF CANADA LTD.,Edmonton,T6B 3P9,(780) 448-1661,Windows,T*,yes,no,no,no,no
Westerly Homes Ltd.,Spruce Grove,T7Y 1B3,(587) 982-1242,Hot Water Tanks Insulation Windows,"T5T, T7Y",yes,yes,yes,no,no
Biddiscombe Glassworks,Redwater,T0A 2W0,(780) 942-4442,Windows,T0A,yes,no,no,no,no
Hubbard Roofing & Exteriors Inc.,Calgary,T2J 7C9,(403) 995-0677,Insulation Windows,"T*, T2J",yes,yes,no,no,no
Bryan Olson Construction Ltd,Camrose,T4V 1N4,(780) 781-8792,Insulation Windows,"T0B, T4V",yes,yes,no,no,no
Burgess Enterprises Ltd.,Edmonton,T6H 0K2,(780) 452-7568,Windows,T*,yes,no,no,no,no
Custom Windows & Doors Inc.,Magrath,T0K 1J0,(403) 758-3233,Insulation Windows,"T0K, T0L, T1M",yes,yes,no,no,no
Peka Rollshutters Ltd. (Innotech and Northstar Windows),Lethbridge,T1J 0J9,(403) 329-4597,Windows,"T0*, T1*, T1A, T1J",yes,no,no,no,no
You Dream It We Build It Ltd,Sherwood Park,T8C 1E1,(780) 417-8484,Hot Water Tanks Insulation Windows,"T5*, T6*, T7X, T7Y, T7Z, T8*, T9*",yes,yes,yes,no,no
Bluestream Services inc,Calgary,T2W 0W2,(403) 472-7991,Insulation Windows,"T2J, T2V, T2W, T2X, T3E, T2H, T2Y",yes,yes,no,no,no
Disciple Homes & Improvements Inc.,Calgary,T2H 2E7,(403) 207-5708,Insulation Windows,"T2B, T2J, T2W, T3R",yes,yes,no,no,no
Crafted Edge Homes,Calgary,T2T 2T5,(403) 288-2225,Hot Water Tanks Insulation Windows,"T2J, T2L, T2T, T2V, T2W, T2X, T3A, T3B, T3Z, T2H, T3H",yes,yes,yes,no,no
Calgary Bath and Home Renovations,Calgary,T2W 6E6,(403) 560-8015,Hot Water Tanks Insulation Windows,T*,yes,yes,yes,no,no
Norstar Glass (1999) Inc.,Swan Hills,T0G 2C0,(780) 333-4252,Windows,T0*,yes,no,no,no,no
McLEOD Installs Windows & Doors,Edmonton,T5V 1A5,(780) 481-2575,Windows,"T5*, T6*, T8*",yes,no,no,no,no
POPS Home Hardware Building Centre,High Prairie,T0G 1E0,(780) 523-3995,Hot Water Tanks Insulation Windows,"T0G, T0H",yes,yes,yes,no,no
GlassShop on Wheels,County Of Barrhead,T0G 1R1,(780) 305-3974,Windows,"T0E, T0G, T7N, T7P",yes,no,no,no,no
Pahlke Construction Ltd.,Provost,T0B 3S0,(780) 753-1326,Insulation Windows,T0B,yes,yes,no,no,no
GarageCo Builders,Edmonton,T5B 1H6,(780) 994-3334,Hot Water Tanks Insulation Windows,"T4X, T5*, T6*, T7Z, T8L, T8N, T8R, T9E",yes,yes,yes,no,no
Wildy Enterprises Ltd.,Cochrane,T4C 0J5,(403) 336-2085,Insulation Windows,"T0L, T1*, T2*, T4C, T2N",yes,yes,no,no,no
CL Plumbing & Heating,Lethbridge,T1H 4Z5,(403) 329-9334,Hot Water Tanks Windows,"T0L, T1G, T1H, T1K, T1M, T1J",yes,no,yes,no,no
SIMPLY YOURS WINDOWS DOORS,Calgary,T2X 3G9,(403) 473-0969,Windows,"T2X, T2Z",yes,no,no,no,no
Blue Sky Ventures Ltd.,Athabasca,T9S 2B9,(780) 689-8078,Insulation Windows,T9*,yes,yes,no,no,no
"Kurmak Builders, Inc.",Calgary,T2C 5A4,(403) 277-5525,Hot Water Tanks Insulation Windows,"T1Y, T2A, T2J, T2L, T2S, T2T, T2V, T2W, T2X, T2Z, T3A, T3B, T3C, T3E, T3G, T3K, T3L, T3M, T2C, T2E, T2G, T2N, T2P, T2Y, T3H",yes,yes,yes,no,no
Shield Windows and Doors Ltd.,St. Albert,T8N 1M4,(780) 238-7633,Windows,"T5*, T6*, T7X, T7Y, T7Z, T8*",yes,no,no,no,no
Ross Contracting,Red Deer,T4P 0P5,(403) 415-4060,Hot Water Tanks Insulation Windows,"T*, T4*, T4P",yes,yes,yes,no,no
WQC,Calgary,T2M 4L5,(403) 719-4271,Insulation Windows,"T0*, T1*, T2*, T3*, T4*",yes,yes,no,no,no
Durabuilt Windows & Doors Inc.,Edmonton,T5S 1R7,(780) 237-6796,Windows,"T5S, T6E, T2C",yes,no,no,no,no
Loewen Renovations Ltd.,Red Deer,T4P 1H5,(403) 350-6085,Insulation Windows,T4P,yes,yes,no,no,no
Armitage Construction Ltd.,Calmar,T0C 0V0,(780) 984-0130,Insulation Windows,T0*,yes,yes,no,no,no
Hufnagel Renos and Home Services,Edmonton,T6K 0N9,(780) 904-0482,Insulation Windows,"T0*, T4*, T5*, T6*, T7*, T8*, T9*",yes,yes,no,no,no
Trim line renovations ltd,Spruce Grove,T7X 1B6,(780) 934-2694,Windows,"T5A, T7X",yes,no,no,no,no
Direct Exteriors,Grande Prairie,T8V 2J9,(780) 402-9415,Hot Water Tanks Insulation Windows,"T8X, T8V, T8W",yes,yes,yes,no,no
Ry-Dan Strathmore Glass,Strathmore,T1P 1C8,(403) 934-5161,Insulation Windows,"T0J, T1P, T1X",yes,yes,no,no,no
CanAussie Windows and Doors Ltd.,Calgary,T2Z 3K6,(403) 608-7913,Windows,"T0*, T1*, T2*, T3*, T4*, T5*, T6*, T7*, T8*, T9*",yes,no,no,no,no
Thermal Aluminum and Glass Ltd.,Calgary,T2E 6L1,(403) 451-5443,Windows,"T1V, T1W, T1X, T1Y, T1Z, T2*, T3*, T4A, T4B, T4C",yes,no,no,no,no
JnT Construction Ltd.,Didsbury,T0M 0W0,(403) 369-5900,Insulation Windows,"T0M, T4H",yes,yes,no,no,no
All Around Door & Windows,Red Deer County,T4E 0A1,(403) 358-3576,Windows,T4*,yes,no,no,no,no
Clymit Construction Ltd.,Calgary,T2J 2H8,(403) 861-4123,Windows,T*,yes,no,no,no,no
Tru-line Construction,Slave Lake,T0G 2A0,(780) 849-4206,Hot Water Tanks Insulation Windows,T0G,yes,yes,yes,no,no
Peak Installations Inc.,Richmond,T1B 2C3,(877) 337-6877,Windows,T*,yes,no,no,no,no
D&W Construction and Contracting LTD,Lac La Biche,T0A 2C1,(780) 404-9094,Insulation Windows,T0A,yes,yes,no,no,no
Shignanski Construction Inc.,Edmonton,T6P 0B9,(780) 570-5444,Hot Water Tanks Insulation Windows,"T5*, T6*, T8A, T8H, T8N",yes,yes,yes,no,no
clear sense,Edmonton,T6B 0T3,(780) 970-1560,Windows,T6B,yes,no,no,no,no
Abcan Exteriors Ltd.,Edmonton,T6E 5E9,(780) 974-9112,Insulation Windows,"T4V, T4X, T5*, T6*, T7Y, T7Z, T8A, T8B, T8C, T8E, T8G, T8H, T8L, T8N, T9A, T9E, T9G",yes,yes,no,no,no
InDesign & Renovation Inc.,Edmonton,T6H 4K5,(780) 906-4891,Insulation Windows,T*,yes,yes,no,no,no
BullsEye Contracting Ltd,Lacombe,T4L 2N5,(403) 597-6506,Insulation Windows,"T0C, T4J, T4L",yes,yes,no,no,no
Smart Home Building Systems Ltd.,Edmonton,T5M 1V5,(587) 926-8060,Insulation Windows,"T*, T5M, T5V, T7X, T8L",yes,yes,no,no,no
WPI Renovations,Airdrie,T4B 0V9,(403) 966-9744,Hot Water Tanks Insulation Windows,"T4*, T4A, T4B",yes,yes,yes,no,no
Olympia Contracting Ltd.,Sturgeon County,T8T 0C5,(780) 953-1657,Windows,T8*,yes,no,no,no,no
Four Elements Construction Inc,Sherwood Park,T8H 2M8,(780) 570-5300,Hot Water Tanks Insulation Windows,T*,yes,yes,yes,no,no
Delize Inc,Edmonton,T6L 1Z1,(780) 278-8707,Insulation Windows,"T5*, T6*",yes,yes,no,no,no
Wolf Signature Homes,Edmonton,T5T 1L6,(780) 993-8749,Insulation Windows,"T5T, T6M",yes,yes,no,no,no
Golden Acre Renovations,Calgary,T3G 1Z4,(403) 607-5067,Hot Water Tanks Insulation Windows,T*,yes,yes,yes,no,no
Repka Installations Inc.,Spruce Grove,T7X 0E5,(780) 962-5494,Windows,"T7Z, T8N",yes,no,no,no,no
T&B's Glass & Door Ltd.,Fort Mcmurray,T9H 4A5,(780) 750-7195,Windows,T9*,yes,no,no,no,no
Grand Diamond Enterprises Inc.,Rimbey,T0C 2J0,(403) 704-3361,Insulation Windows,"T0C, T0M, T4S, T4T",yes,yes,no,no,no
vision glass and door ltd.,Wainwright,T9W 1C5,(780) 842-4656,Windows,"T0B, T9W",yes,no,no,no,no
Westside Window And Door Ltd.,Calgary,T3C 0J9,(403) 229-1234,Windows,T*,yes,no,no,no,no
Woolrich Group,Cochrane,T4C 1Z7,(403) 851-0076,Hot Water Tanks Insulation Windows,"T1*, T2*, T4C",yes,yes,yes,no,no
Brix Construction Inc.,Rimbey,T0C 2J0,(403) 704-3545,Hot Water Tanks Insulation Windows,T0C,yes,yes,yes,no,no
Supreme Windows and Doors,Edmonton,T5M 1V3,(780) 447-1070,Windows,"T5*, T6*",yes,no,no,no,no
NuVision Contracting Ltd,Spruce Grove,T7X 3V6,(780) 903-4705,Windows,T7Z,yes,no,no,no,no
Clear Veiw Custom Contracting LTD,Calgary,T2W 3T3,(403) 605-8826,Windows,T*,yes,no,no,no,no
Provost Construction LTD,Beaumont,T4X 1Y8,(587) 990-7224,Insulation Windows,"T4*, T4X, T6*, T6J",yes,yes,no,no,no
Three Hills Glass,Three Hills,T0M 2A0,(403) 443-7898,Windows,T0M,yes,no,no,no,no
Janzen Home Renovations,Lethbridge,T1J 0Y9,(403) 330-3823,Windows,"T0K, T1G, T1H, T1K, T1M, T1J",yes,no,no,no,no
The House Company Ltd.,Edmonton,T6E 2T1,(780) 438-1877,Insulation Windows,"T5*, T6*",yes,yes,no,no,no
Boald Construction Management Ltd.,Edmonton,T5M 2Z5,(780) 497-0099,Insulation Windows,T5M,yes,yes,no,no,no
Great Canadian Energy Solutions,Edmonton,T6E 0C9,(780) 449-6991,Insulation Windows,"T0A, T0B, T4V, T5*, T6*, T7N, T7P, T7X, T7Y, T7Z, T8A, T8B, T8C, T8E, T8G, T8H, T8L, T8N, T8R, T8T, T9A, T9W, T9E, T9G",yes,yes,no,no,no
Knight Doors and Windows Ltd.,Edmonton,T6E 4Y1,(780) 457-3667,Windows,"T0*, T5*, T6*, T7*, T8*, T9*",yes,no,no,no,no
Dependable Renovations Ltd.,Calgary,T2Z 0G4,(403) 560-0442,Hot Water Tanks Insulation Windows,T*,yes,yes,yes,no,no
L.A. Contracting Services Ltd,St. Albert,T8N 0V9,(780) 660-9300,Insulation Windows,"T5T, T8N",yes,yes,no,no,no
Phil Hiebert Contracting,Leduc,T9E 0C5,(780) 904-8673,Insulation Windows,"T0*, T9*",yes,yes,no,no,no
Hometeam Renovations Inc,Calgary,T2Z 1N7,(403) 605-6356,Insulation Windows,"T2*, T2J",yes,yes,no,no,no
Athan Homes Inc.,Edmonton,T5S 2R1,(780) 231-1591,Hot Water Tanks Insulation Windows,T*,yes,yes,yes,no,no
Jaggard Construction,Okotoks,T1S 2M7,(403) 652-0681,Hot Water Tanks Insulation Windows,T*,yes,yes,yes,no,no
Alberta Sound Construction & Management Ltd.,Edmonton,T6E 4N4,(780) 430-9353,Insulation Windows,"T*, T0C, T0E, T4V, T4X, T5A, T5B, T5C, T5E, T5G, T5J, T5K, T5L, T5M, T5N, T5P, T5R, T5S, T5T, T5V, T5W, T5X, T5Y, T5Z, T6*, T6A, T6B, T6C, T6E, T6G, T6J, T6K, T6L, T6M, T6N, T6P, T6S, T6T, T6V, T6W, T6X, T6R, T7X, T7Y, T7S, T8B, T8C, T8L, T8N, T9M, T9N, T9E",yes,yes,no,no,no
Rusco Industries Calgary Lts,Calgary,T2E 6L1,(403) 250-9951,Insulation Windows,"T*, T2E",yes,yes,no,no,no
Porter ventures,Drayton Valley,T7A 0A4,(780) 542-1496,Insulation Windows,T7*,yes,yes,no,no,no
Cambio Contracting,Calgary,T2A 0E5,(403) 899-2295,Insulation Windows,"T2*, T3*, T4*",yes,yes,no,no,no
Ironclad Windows & Doors Inc.,Calgary,T3G 5J4,(403) 200-7272,Windows,T2A,yes,no,no,no,no
Eagle West Contracting LTD.,Ardrossan,T8E 2G2,(780) 884-0383,Insulation Windows,T8*,yes,yes,no,no,no
Jakeman United Inc,Calgary,T3Z 0A6,(403) 650-6699,Hot Water Tanks Insulation Windows,"T2T, T3Z",yes,yes,yes,no,no
Oriel Windows & Doors,Red Deer,T4P 1M7,(403) 342-5530,Windows,"T0*, T4*",yes,no,no,no,no
True North Exteriors,Edmonton,T6L 3B3,(780) 667-8783,Insulation Windows,"T4*, T5*, T6*, T8*",yes,yes,no,no,no
K & R Renovations And Handyman Services,Lloydminster,T9V 1Z4,(306) 407-0205,Insulation Windows,"S9V, T0A, T9V, T9X",yes,yes,no,no,no
Canadian Quality Home Services Inc,Edmonton,T6E 0V7,(780) 952-6349,Hot Water Tanks Insulation Windows DWHR,"T*, T6M, T6X",yes,yes,yes,yes,no
Claresholm Glass '88 Ltd.,Claresholm,T0L 0T0,(403) 625-4224,Windows,T0L,yes,no,no,no,no
Stancan holdings Ltd,Spruce Grove,T7X 3B1,(780) 945-0604,Insulation Windows,T*,yes,yes,no,no,no
New Horizon Construction,Calgary,T2A 2N5,(403) 803-4831,Windows,T*,yes,no,no,no,no
Bennett Property Developments Ltd,Calgary,T2L 1W2,(403) 860-7784,Hot Water Tanks Insulation Windows,T*,yes,yes,yes,no,no
MCM Home Exteriors,Edmonton,T6C 4A9,(780) 468-9297,Insulation Windows,T*,yes,yes,no,no,no
Zr Construction LTD,Chestermere,T1X 1R7,(403) 383-9860,Windows,"T*, T3*",yes,no,no,no,no
Yak bos landscape Ltd,Calgary,T3K 3N6,(403) 617-8581,Insulation Windows,T2S,yes,yes,no,no,no
Divine Construction Inc.,Calgary,T2G 3T9,(403) 660-3335,Hot Water Tanks Insulation Windows,T*,yes,yes,yes,no,no
The Exterior Company Ltd,Calgary,T3G 4Y7,(587) 894-4348,Insulation Windows,"T1*, T2*, T3*, T4*",yes,yes,no,no,no
Campbells construction,Bonnyville,T9N 2A1,(780) 545-9943,Windows,"T9*, T9N",yes,no,no,no,no
1870881 Alberta Ltd.,Edmonton,T6E 4N6,(780) 705-2502,Windows,"T4*, T5*, T6*, T7*, T8*, T9*",yes,no,no,no,no
M.A.D. Renovations Inc.,Calgary,T3B 5Y2,(403) 630-6311,Hot Water Tanks Insulation Windows,T*,yes,yes,yes,no,no
KRW Construction,Cold Lake,T9M 1P1,(306) 304-2740,Insulation Windows,T9M,yes,yes,no,no,no
Goldland Construction Inc.,Brooks,T1R 0B4,(403) 633-1484,Insulation Windows,"T0J, T1G, T1R",yes,yes,no,no,no
Highwood Construction,Calgary,T2K 2C8,(403) 815-5606,Insulation Windows,T*,yes,yes,no,no,no
Cobalt Industrial Supply & Services Inc.,Calgary,T2E 7E1,(403) 457-4682,Windows,T2E,yes,no,no,no,no
Brother's Projects Inc.,Calgary,T2Y 5G9,(403) 667-3871,Windows,"T0*, T1*, T2*",yes,no,no,no,no
Ridgecrest Developments,Calgary,T2T 0A6,(403) 702-2998,Insulation Windows,T3*,yes,yes,no,no,no
Newcastle Homes Ltd,Calgary,T2Z 3V7,(403) 510-1734,Hot Water Tanks Insulation Windows DWHR,T2*,yes,yes,yes,yes,no
Star Renos,Edmonton,T5T 2Z3,(587) 590-1304,Windows,"T4*, T4V, T4X, T5*, T6*, T7*, T8*, T8L, T9A, T9C, T9L, T9N, T9W, T9E, T9G",yes,no,no,no,no
Advanced Exteriors Inc.,Redcliff,T0J 2PO,(403) 580-3110,Windows,"T0J, T1A",yes,no,no,no,no
SANDSTORM CONSTRUCTION,Ryley,T0B 4A0,(780) 918-9873,Insulation Windows,T0B,yes,yes,no,no,no
Mountain Park Glass LTD.,Hinton,T7V 2G5,(780) 865-4564,Windows,"T0E, T7V",yes,no,no,no,no
Rectangle Design,Calgary,T2R 0S3,(403) 237-0277,Hot Water Tanks Insulation Windows,T2*,yes,yes,yes,no,no
1 + 1 Contracting,Calgary,T2R 0X4,(403) 668-6879,Hot Water Tanks Insulation Windows,"T1*, T2*, T3*, T4*",yes,yes,yes,no,no
DEVINE CUSTOM HOMES,Calgary,T3J 0L7,(403) 630-7644,Hot Water Tanks Insulation Windows,"T1Y, T2A, T2J, T2K, T2W, T3C, T3E, T3G, T3J, T3K, T3Z, T2E, T2H",yes,yes,yes,no,no
1AAAA Calgary Premium Windows & Doors Ltd and Renovations,Calgary,T3G 2P6,(403) 399-1962,Windows,T*,yes,no,no,no,no
Marlit Contractors Ltd.,Forestburg,T0B 1N0,(780) 582-3942,Insulation Windows,"T0B, T4V",yes,yes,no,no,no
Duckback Quality Roofing And Exteriors Ltd,Cochrane,T4C 0C4,(587) 777-7178,Insulation Windows,T*,yes,yes,no,no,no
Lighthouse Custom Homes Inc,Calgary,T3E 4V9,(403) 483-6191,Hot Water Tanks Insulation Windows,T*,yes,yes,yes,no,no
Designer's Choice (Lloyd) Ltd.,Lloydminster,T9V 3M7,808750259,Windows,T*,yes,no,no,no,no
Five Star Home Solutions Ltd.,Camrose,T4V 0W7,(780) 672-4114,Hot Water Tanks Insulation Windows,T4V,yes,yes,yes,no,no
Advanced Glass Inc,Legal,T0G 1L0,(780) 721-6117,Windows,"T0*, T7*, T8*",yes,no,no,no,no
Jalin Homes Inc,Didsbury,T0M 0W0,(403) 415-6670,Insulation Windows,"T0M, T4H",yes,yes,no,no,no
Coryanna Homes INC,Calgary,T3E 8A4,(403) 333-5585,Hot Water Tanks Insulation Windows DWHR,T*,yes,yes,yes,yes,no
REASON Contracting Ltd.,Edmonton,T6C 0B7,(587) 881-4262,Hot Water Tanks Insulation Windows,"T5*, T6*, T7*, T8*",yes,yes,yes,no,no
Lifestyle TS Inc.,Tofield,T0B 4J0,(780) 863-4353,Windows,"T*, T0B",yes,no,no,no,no
KENLAR,Irma,T0B 2H0,(780) 754-2262,Hot Water Tanks Hot Water Tanks Insulation Insulation Windows Windows,"T*, T*, T0A, T0A, T0B, T0B, T0C, T0C, T0J, T0J, T2*, T2*, T5A, T5A, T6W, T6W, T8E, T8E, T8G, T8G, T9V, T9V",yes,yes,yes,no,no
Bryfor Construction Ltd,Calgary,T2V 0V1,(403) 850-1630,Hot Water Tanks Insulation Windows,T*,yes,yes,yes,no,no
NORTHERN WINDOWS AND DOORS,Edmonton,T6E 5B2,(780) 468-4899,Insulation Windows,T*,yes,yes,no,no,no
